caller	condition	type	happy_HG001	happy_HG002	happy_HG005
bcftools	BWA-MEM_GRCh38	SNP	examples/happy_outputs/HG001_bwa_GRCh38_bcftools.csv	examples/happy_outputs/HG002_bwa_GRCh38_bcftools.csv	examples/happy_outputs/HG005_bwa_GRCh38_bcftools.csv
bcftools	novoAlign_GRCh38	SNP	examples/happy_outputs/HG001_novo_GRCh38_bcftools.csv	examples/happy_outputs/HG002_novo_GRCh38_bcftools.csv	examples/happy_outputs/HG005_novo_GRCh38_bcftools.csv
bcftools	IUPAC_median	SNP	examples/happy_outputs/HG001_iupac_median_bcftools.csv	examples/happy_outputs/HG002_iupac_median_bcftools.csv	examples/happy_outputs/HG005_iupac_median_bcftools.csv
freebayes	BWA-MEM_GRCh38	SNP	examples/happy_outputs/HG001_bwa_GRCh38_freebayes.csv	examples/happy_outputs/HG002_bwa_GRCh38_freebayes.csv	examples/happy_outputs/HG005_bwa_GRCh38_freebayes.csv
freebayes	novoAlign_GRCh38	SNP	examples/happy_outputs/HG001_novo_GRCh38_freebayes.csv	examples/happy_outputs/HG002_novo_GRCh38_freebayes.csv	examples/happy_outputs/HG005_novo_GRCh38_freebayes.csv
freebayes	IUPAC_median	SNP	examples/happy_outputs/HG001_iupac_median_freebayes.csv	examples/happy_outputs/HG002_iupac_median_freebayes.csv	examples/happy_outputs/HG005_iupac_median_freebayes.csv
gatk	BWA-MEM_GRCh38	SNP	examples/happy_outputs/HG001_bwa_GRCh38_gatk.csv	examples/happy_outputs/HG002_bwa_GRCh38_gatk.csv	examples/happy_outputs/HG005_bwa_GRCh38_gatk.csv
gatk	novoAlign_GRCh38	SNP	examples/happy_outputs/HG001_novo_GRCh38_gatk.csv	examples/happy_outputs/HG002_novo_GRCh38_gatk.csv	examples/happy_outputs/HG005_novo_GRCh38_gatk.csv
gatk	IUPAC_median	SNP	examples/happy_outputs/HG001_iupac_median_gatk.csv	examples/happy_outputs/HG002_iupac_median_gatk.csv	examples/happy_outputs/HG005_iupac_median_gatk.csv
